Side Effect,Raw Frequency,Freq. Rank
10,Vomiting,100331
10,Paresthesia (tingling or pricking sensation),2963
10,Decreased libido,2079
10,Nasal congestion (stuffy nose),2341
10,Weight loss,2809
10,Increased sweating,2519
10,Thinning of skin,2274
10,Agranulocytosis (deficiency of granulocytes in the blood),2068
10,Fever,4389
10,Taste change,4104
10,Low blood platelets,3724
10,Itching,14083
10,Memory impairment,2834
10,Depression,4645
10,Uncoordinated body movements,5526
10,Weight gain,14072
10,Difficulty in urination,2235
10,Increased potassium level in blood,2307
10,Impaired coordination,2482
10,Abnormal liver function tests,7250
10,Urinary tract infection,2908
10,Pain in extremities,3355
10,Nasopharyngitis (inflammation of the throat and nasal passages),7259
10,Joint pain,8549
10,Dyspepsia,2640
10,Sweating,5346
10,Bloating,6183
10,Vertigo,3156
10,Cushing syndrome,2335
10,Blurred vision,12560
10,Sore throat,3340
10,Increased appetite,3070
10,Visual disturbance,2393
10,Behavioral changes,2225
10,Anxiety,3479
10,High blood pressure,2702
10,Urticaria,2894
10,Decreased appetite,3750
10,Vaginal inflammation,2712
10,Back pain,2792
10,Hypoglycemia (low blood glucose level),9143
10,Nervousness,4618
10,Insomnia (difficulty in sleeping),15070
10,Burning sensation,2408
10,Decreased white blood cell count (neutrophils),2360
10,Abnormal hair growth,2246
10,Skin peeling,3321
10,Dry skin,3319
10,Anemia (low number of red blood cells),5859
10,Obesity,2212
10,Cough,8052
10,Decreased blood pressure,5202
10,Infection,2600
10,Hair loss,3342
10,No common side effects seen,2700
10,Increased blood urea,3471
10,Restlessness,5308
10,Nausea,157428
10,Loss of appetite,24117
10,Orthostatic hypotension (sudden lowering of blood pressure on standing),5774
10,Headache,99015
10,Indigestion,31836
10,Rash,35749
10,Common cold,2760
10,Increased liver enzymes,18093
10,Menstrual disorder,2689
10,Hives,2407
10,Decreased white blood cell count (lymphocytes),2387
10,Tremors,11865
10,Palpitations,8233
10,Fatigue,26634
10,Increased prolactin level in blood,2286
10,Allergy,5108
10,Application site reactions (burning irritation itching and redness),6928
10,Muscle pain,5136
10,Constipation,29196
10,Increased heart rate,5806
10,Drowsiness,9784
10,Sedation,2707
10,Flu-like symptoms,7305
10,Skin rash,11899
10,Dryness in mouth,33984
10,Dizziness,72637
10,Flatulence,32045
10,Confusion,4656
10,Tiredness,10508
10,Injection site reactions (pain swelling redness),7733
10,Diarrhea,140295
10,Upper respiratory tract infection,6602
10,Heartburn,17738
10,Stomach pain/epigastric pain,5848
10,Frequent urge to urinate,2691
10,Weakness,15214
10,Breathlessness,4741
10,Delayed ejaculation,2973
10,Upset stomach,8983
10,Cold extremities,2189
10,Abdominal pain,31851
10,Stomach pain,50603
10,Ankle swelling,2478
10,Low sexual desire,2312
10,Allergic reaction,17881
10,Edema (swelling),7894
10,Sleepiness,33516
10,Flushing (sense of warmth in the face ears neck and trunk),5122
10,Slow heart rate,3745
9,Hemolytic anemia,1309
9,Serum sickness,1164
9,Mood changes,1884
9,Drug fever,1165
9,Hypereosinophilia,1164
9,Blisters on skin,1253
9,Tendon rupture,1164
9,Granulocytopenia,1181
9,Eye itching,779
9,Eye discomfort,2013
9,Seizure,1725
9,Parkinsonism,966
9,Inflammation of tendons,1164
9,Hot flushes,1389
9,Thrombocytosis,1164
9,Skin irritation,869
9,Akathisia (inability to stay still),941
9,Increased bilirubin in the blood,1241
9,Drug rash with eosinophilia and systemic symptoms (DRESS) syndrome,1164
9,Pseudomembranous colitis,1492
9,Acute renal failure,1164
9,Application site burning,842
9,Slurred speech,1186
9,Stevens-Johnson syndrome,1328
9,Glucose intolerance,854
9,Muscle stiffness,1464
9,Stomach inflammation,844
9,Ringing in ear,1286
9,Urinary retention,862
9,Purpura,831
9,Increased white blood cell count (eosinophils),1141
9,Limited data available,915
9,Anorgasmia (decreased orgasm),1056
9,Ejaculation disorder,823
9,Thrombophlebitis,1128
9,Application site redness,790
9,Adrenal insufficiency,765
9,Sinus infection,1557
9,Fast heart rate,1442
9,Pain,947
9,Gastrointestinal disorder,1323
9,Hot flashes,783
9,Stinging sensation,1575
9,Musculoskeletal (bone muscle or joint) pain,1486
9,Runny nose,1209
9,Stomatitis (Inflammation of the mouth),990
9,Convulsion,1604
9,Discomfort when urinating,1372
9,Fear,1364
9,Burning sensation in eye,866
9,Dry eye,771
9,Inflammation of the nose,805
9,Irritation,1618
9,Breast enlargement,1638
9,Injection site reaction,1802
9,Erythema multiforme,1270
9,Double vision,1295
9,Toxic epidermal necrolysis,1326
9,Peripheral neuropathy (tingling and numbness of feet and hand),847
9,Reduction in bone density,1690
9,Increased risk of infection,1713
9,Sinus inflammation,1582
9,Nosebleeds,1842
9,Increased bleeding tendency,766
9,Decreased white blood cell count,869
9,Limb pain,960
9,Abdominal cramp,842
9,Psychotic disorder,1165
9,Aggressive behavior,1112
9,Visual impairment,757
9,Jaundice,1591
9,Swelling of hands,864
9,Application site irritation,892
9,Feet swelling,863
9,Hypotension (low blood pressure),1874
9,Stomach discomfort,1221
9,Bronchospasm,765
9,Metallic taste,1882
9,Decreased blood cells (red cells white cells and platelets),897
9,Bleeding,1110
9,Tachycardia,2032
9,Lightheadedness,1874
9,Erectile dysfunction,2027
9,Gastrointestinal disturbance,1815
9,Muscle cramp,2039
9,Bronchitis (inflammation of the airways),1594
9,Abnormality of voluntary movements,2035
9,Urine discoloration,1124
9,Injection site pain,1796
9,Hypersensitivity,1752
9,Hallucination,1892
9,Peripheral edema,1043
9,Increased blood uric acid,775
9,Upper abdominal pain,1611
9,Changes in serum aminotransferase levels,1374
9,Increased glucose level in blood,1414
9,Arrhythmia (irregular heartbeats),1250
9,Agitation,1529
9,Muscle weakness,914
9,Trembling,933
9,Eye pain,1040
9,Eye irritation,1898
9,Erythema (skin redness),1778
9,Viral infection,817
9,Acne,1975
8,Skin ulcer,317
8,Fluid retention,309
8,Liver damage,369
8,Sleep disorder,558
8,Abdominal discomfort,402
8,Increased blood lipid level,650
8,Irritability,711
8,Esophagitis,750
8,Dyslipidemia,730
8,Maculopapular rash,364
8,Bone pain,449
8,Muscle spasm,528
8,Difficulty in paying attention,595
8,Memory loss,447
8,Electrolyte imbalance,643
8,Sinus pain,460
8,Gout flares,538
8,Asthma,341
8,Thromboembolism,340
8,Skin atrophy,326
8,Ocular hyperemia,381
8,Vaginal discharge,337
8,Breast tenderness in male,349
8,Oral ulcer,750
8,Fainting,610
8,Inability to concentrate,326
8,Extrapyramidal symptoms,605
8,Muscle coordination impaired,406
8,Nystagmus (involuntary eye movement),564
8,Blisters,364
8,Abnormal dreams,550
8,Breast pain,629
8,Photosensitivity,433
8,Anorgasmia (decreased orgasm) in women,741
8,Polyuria,523
8,Breast tenderness,385
8,Vaginal spotting,353
8,Chalky taste,686
8,Hypertrichosis (excessive hair growth),411
8,Kidney damage,674
8,Pain behind eyes,373
8,Increased thirst,541
8,Mouth sore,455
8,Swelling,622
8,Altered libido,548
8,Nasal discomfort,297
8,Abnormal menstrual bleeding,376
8,Urinary incontinence,395
8,Dystonia (involuntary muscle contractions),459
8,Migraine,306
8,Dry cough,302
8,Hyperactivity,359
8,Respiratory tract infection,297
8,Dermatitis,316
8,Abnormal liver enzyme,462
8,Speech disorder,714
8,Decreased sodium level in blood,510
8,Atrioventricular block,388
8,Red spots or bumps,371
8,Balance disorder (loss of balance),534
8,Tingling,355
8,Increased uric acid level in blood,515
8,Watery eyes,476
8,Dehydration,339
8,Micturition disorders,493
8,Photophobia,469
8,Abnormal ECG,387
8,Gastrointestinal bleeding,699
8,Nasal inflammation,317
8,Pharyngitis,576
8,Breast enlargement in male,523
8,Decreased potassium level in blood,500
8,Fungal infection of oropharynx,435
8,Impotence,527
8,Increased white blood cell count,450
8,Voice change,503
8,Increased intraocular pressure,301
8,Excessive salivation,494
8,Numbness of extremity,565
8,Genital fungal infection,548
8,Altered blood lipid level,339
8,Stinging in the eyes,516
8,Stiffness,398
8,Chills,588
8,Chest pain,652
8,Numbness,529
8,Bruise,742
8,Swelling of lymph nodes,434
8,Blood in urine,324
8,Nail disorder,310
8,Hepatitis (viral infection of liver),386
8,Burning eyes,656
8,Increased saliva production,601
8,Abdominal bloating,454
8,Loss of accommodation,412
8,Excitement,349
8,Dry throat,374
8,Dry nose,573
8,Gastrointestinal discomfort,315
8,Pale skin,304
8,Burning sensation at the site of application,520
8,Nightmares,376
8,Stomach cramp,473
8,Breathing problems,483
7,Vaginal infection,145
7,Increased respiratory rate ,187
7,Foreign body sensation in eyes,246
7,Ovarian hyperstimulation syndrome,166
7,Abnormal eye sensation,136
7,Hoarseness of voice,215
7,Unsteadiness,185
7,Throat irritation,185
7,ECG changes,143
7,Gastrointesinal symptoms,126
7,Decreased calcium level in blood,127
7,Injection site inflammation,148
7,Cerebral hemorrhage,290
7,Change in bowel habits,182
7,Anticholinergic effects,177
7,Decreased magnesium level in blood,232
7,Anaphylactic reaction,180
7,Vaginal burning sensation,260
7,Telangiectasia,235
7,Oily spotting,131
7,Increased urge to pass bowels,128
7,Oily evacuation,128
7,Increased bowel movements,128
7,Burping,168
7,Hearing loss,198
7,Ascites (accumulation of fluid in the abdominal cavity),251
7,Mucosal inflammation,130
7,Decreased vision,220
7,Epigastric pain,169
7,Bowel incontinence,131
7,Enlarged ovary,213
7,Metrorrhagia (menstrual bleeding at irregular intervals),205
7,Deafness,175
7,Renal impairment,124
7,Abnormal thoughts,159
7,Hay fever,159
7,Renal injury,140
7,Neuropsychiatric symptoms,131
7,Injection site allergic reaction,145
7,Flatus with discharge,131
7,Fat in stool ,131
7,Flushing of skin,148
7,Staining of teeth,167
7,Sinus disorder,274
7,Allergic dermatitis,274
7,Diabetes,289
7,Salivation,132
7,Increased sputum production,130
7,Dark colored urine,269
7,Wheezing,247
7,Raynaud's phenomenon,283
7,Increased creatinine level in blood,192
7,Breast discomfort,275
7,Low energy,197
7,Extrasystoles,152
7,Influenza like syndrome,295
7,Yawning,295
7,Aggression,223
7,Drug tolerance,223
7,Gum swelling,254
7,Liver injury,254
7,Genital itching,138
7,Hair discoloration,130
7,Injection site swelling,282
7,Abnormal gait,284
7,Elevated creatine kinase,289
7,Superficial keratitis,146
7,Blood clot in the blood vessels,171
7,Eye redness,263
7,Visual disorder,196
7,Osteoporosis,135
7,Irregular menstrual cycle,196
7,Dryness,242
7,Altered blood sugar level,164
7,Bitter taste,289
7,Reduced visual acuity,146
7,Otitis media (infection of ear),286
7,Eye twitching,146
7,Subconjunctival hemorrhage,146
7,Transient stinging,147
7,Eye infection,147
7,General discomfort,169
7,Transient burning,147
7,Increased calcium level in blood,170
7,Corneal edema,147
7,Iritis (inflammation of the middle layer of the eye),146
7,Increased transaminase level in blood,267
7,Dark colored stool,151
7,Joint swelling,145
7,Hiccup,169
7,Ecchymosis (discoloration of the skin resulting from bleeding underneath),179
7,Thickened respiratory tract secretions,161
7,Eye inflammation,151
7,Sexual dysfunction,282
7,Protein in urine,210
7,Altered walking,146
7,Abdominal distension,187
7,Nasal irritation,265
7,Dilatation of pupil,155
7,Conjunctivitis,280
7,Vascular occlusion,169
7,Hypercholesterolemia (high cholesterol),257
7,Injection site irritation,172
7,Increased sensitivity to light,184
7,Eye disorder,140
6,Accidental injury,63
6,Increased prothrombin time,106
6,Glossitis (tongue inflammation),84
6,Hard Dental Plaque,117
6,Neuropathy,123
6,Painful blisters on hands and feet,83
6,Cholestatic jaundice,107
6,Prolonged bleeding,106
6,Hemorrhagic colitis,106
6,Stomach irritation,85
6,Postural hypotension (low blood pressure),85
6,Difficulty in swallowing,88
6,Muscle twitching,105
6,Euphoria (feeling of intense excitement and happiness),83
6,Skin exfoliation,75
6,Irregular uterine bleeding,91
6,Metabolic disorder,68
6,Impaired concentration,102
6,Feeling of fullness,65
6,Esophageal bleeding,70
6,Chest tightness,70
6,Coughing up blood,68
6,Cold skin,67
6,Mouth swelling,67
6,Sleep disturbance,86
6,Leg cramps,77
6,Feeling thirsty,65
6,Absence of menstrual periods,111
6,Psychomotor impairment,103
6,Vaginal bleeding,69
6,Pale red skin,86
6,Injection site bleeding,65
6,Skin pain,76
6,Pain during periods,74
6,Abnormal taste,63
6,Nasopharyngeal irritation,63
6,Abnormal phosphorous level in blood,73
6,Pelvic pain,67
6,Goiter (enlarged thyroid gland),118
6,Respiratory disorder,70
6,Ovarian cysts,68
6,Throat pain,82
6,Bleeding disorder,58
6,Inflammation of vein,58
6,Pain in extremity,58
6,Ototoxicity,79
6,Blisters on fingers/feet,66
6,Scaling,111
6,Luminous phenomena (Enhanced brightness),120
6,Gastrointestinal inflammation,72
6,Renal dysfunction,83
6,Increased hair growth,73
6,Color blindness,95
6,Skin discoloration,68
6,Drug eruptions,75
6,Abnormal hair texture,95
6,Unusual production of breast milk in women and men,71
6,Aplastic anemia,72
6,Dry lips,86
6,Blood clots,86
6,Coordination disorder,67
6,Hemiparesis (weakness on one side of the body),64
6,Muscle damage,118
6,Testicular atrophy,81
6,Altered vision,89
6,Influenza,122
6,Vaginal itching,101
6,Vulvovaginal discomfort,58
6,Psychosis,85
6,Uterine contractions,123
6,Infection following abortion,114
6,Uterine cramps,114
6,Procedural hypotension (low blood pressure),66
6,Cramps,115
6,Decreased creatinine clearance,60
6,Affect lability,104
6,Retrograde ejaculation,123
6,Pain in the chest arm or shoulder,83
6,Conjunctival hyperemia,100
6,Abnormal sensation in eyes,73
6,Increased levels of blood fat,58
6,Aggravation of depression,106
6,Feeling of discomfort,60
6,Delirium (acute confusional state),120
6,Hypomania,111
6,Gout,86
6,Mania,111
6,Increased creatine phosphokinase (CPK) level in blood,82
6,Thrush,90
6,Excessive hair growth on face,113
6,Irritation of ear,123
6,Reye's syndrome like symptoms,100
6,Corneal deposits,106
6,Ear discomfort,100
6,Flakes on scalp,83
6,Uterine bleeding,66
6,Reduced bronchial secretions,85
6,Menorrhagia (heavy menstrual bleeding),99
6,Hemorrhage,65
6,Skin bleeding,83
6,Fungal infection of mouth,94
6,Pneumonia,96
6,Foreign body sensation,62
6,Decreased sperm count,108
5,Tingling sensation of extremity,39
5,Feeling sick,33
5,Cardiovascular complications,51
5,Rectal bleeding,43
5,Abnormal liver function,57
5,Thrombotic thrombocytopenic purpura,39
5,Idiopathic intracranial hypertension,39
5,Clostridium difficile associated diarrhea,39
5,Tongue discoloration,39
5,Transient myopia,37
5,Discoloration of teeth,39
5,Posterior subcapsular cataract,42
5,Low albumin level in blood,35
5,Abnormal sensation,52
5,Heart failure,39
5,Neck pain,52
5,Hangover,41
5,Erythematous rash,51
5,Glycosuria,37
5,Abnormal hair growth on a women face and body,49
5,Peripheral ischemia,36
5,Itchy scalp,49
5,Vasoconstriction of the extremities,36
5,Accomodation disorder,34
5,Hypopigmentation,45
5,Flaccid paralysis,37
5,Allergic contact dermatitis,50
5,Allergic skin rash,41
5,Hepatic insufficiency,37
5,Neurotoxicity,45
5,Increased alkaline phosphatase level in blood,54
5,Auto-antibody formation,50
5,Abnormal vision,43
5,Cataract,34
5,Eyelid swelling,33
5,Angioedema (swelling of deeper layers of skin),51
5,Increased lipase in the blood,43
5,Injection site redness,47
5,Delayed wound healing,42
5,Ear pain,40
5,Hematoma,41
5,Psychiatric disturbances,47
5,Pulmonary hypertension (high blood pressure),42
5,Leg pain,42
5,Cold symptoms,39
5,Bleeding under the skin,43
5,Nasal ulceration,48
5,Lethargy,57
5,Stretch marks,41
5,Bone fracture,35
5,Secondary infections,55
5,Nephrocalcinosis,38
5,Volume depletion,34
5,Metabolic acidosis,37
5,Mouth ulcer,56
5,Lung damage,34
5,Oropharyngeal pain,52
5,Dark yellow to brown discoloration of urine,52
5,Body odor,40
5,Dryness and fissuring of paranasal and infraorbital areas,50
5,Acneiform dermatitis,40
5,Increased facial sebum production,40
5,Lip inflammation,34
5,Lower abdominal pain,45
5,Oligospermia (low sperm count),34
5,Sepsis,42
5,Tonic-clonic seizures,35
5,Thyroid disorders,45
5,Anger,45
5,Mood swings,49
5,Anal ulcers,42
5,Lymphopenia,42
5,Change in color vision,50
5,Sore eye,50
5,Teary eyes,50
5,Follicular conjunctivitis,49
5,Infusion site reaction,55
5,Renal tubular acidosis,38
5,Abnormal behavior,45
5,Shivering,44
5,Abnormal renal function tests,38
5,Decreased phosphate level in blood,37
5,Increased lactate dehydrogenase level in blood,45
5,Allergic reaction in eye,37
5,Vaginal yeast infection,48
5,Ventricular premature contractions,40
5,Premature atrial contractions,40
5,Jaw pain,41
5,Increased triglyceride level in blood,45
5,Fungal infection,40
5,Facial swelling,39
5,Abnormal stool,46
5,Chest discomfort,52
5,Valvulopathy and related disorders,36
5,Gastritis,39
5,Heaviness,39
5,Ear disorder,47
5,Skin burn,57
5,Congestive cardiac failure,34
5,Increased hematocrit,54
5,Hair follicle inflammation,37
5,Anal irritation,51
5,Local site pain,33
5,Skin reaction,43
5,Walking difficulties,35
5,Balanitis,54
5,Eczema,54
5,Swelling of breast in male,57
4,Atrial arrhythmias (altered heart rate),24
4,Angina (heart related chest pain),15
4,Petechiae (red or purple spot caused by bleeding into the skin),17
4,Respiratory depression,15
4,Anal itching,19
4,Nocturia (increased urge to urinate during the night),31
4,Conjunctival edema,31
4,Injection site hematoma,15
4,Eye toxicity,31
4,Eyelid itching,31
4,Hematological disorder,25
4,Eating disorder,25
4,Decreased immunity,15
4,Myelosuppression,20
4,Optic neuritis,31
4,Decrease in blood pressure,24
4,Irregular heartbeats,19
4,CNS toxicity,15
4,Prostate enlargement,15
4,Endometrial hyperplasia,29
4,Softening of bones,29
4,Gingival hypertrophy (gum enlargement),29
4,Withdrawal symptoms,20
4,Rectal discomfort,18
4,Febrile neutropenia,24
4,Vascular dilatation,18
4,Bruising,21
4,Hypothalamic-pituitary-adrenal axis suppression,23
4,Nasal dryness,19
4,Feeling hot,16
4,Chromaturia (abnormal coloration of urine),28
4,Pharyngolaryngeal pain,27
4,Gastric irritation,29
4,Skin pigmentation,20
4,Black colored stool,27
4,Scratch dermatitis,20
4,Pulmonary fibrosis,20
4,Nail discoloration,20
4,Interstitial pneumonia,20
4,Irregular vaginal bleeding,25
4,Pancreatic inflammation,17
4,Placental retention,16
4,Sore tongue,20
4,Increased blood urea nitrogen,21
4,Abdominal dysesthesia,21
4,Skin lesion,17
4,Rosacea,17
4,Altered frequency of urination,21
4,Muscle disorders,16
4,Sneezing,21
4,Lung infection,16
4,Decreased level of thyroid hormones,16
4,Abnormal involuntary movements,31
4,Elevated serum glutamic pyruvic transaminase,15
4,Injection site tenderness,20
4,Increased calcium in urine,16
4,Eyelash changes,23
4,Hypoglycaemia (low blood sugar level) in combination with insulin or sulphonylurea,23
4,Fall,31
4,Elevated serum glutamic oxaloacetic transaminase,15
4,Enlarged salivary gland,20
4,Vesicular dermatitis,16
4,Blood dyscrasias,16
4,Redness of skin,21
4,Miliaria (sweat rash),24
4,Drug withdrawal syndrome,18
4,Skin maceration,24
4,Difficulty in speaking,25
4,Infusion site inflammation,23
4,Folic acid deficiency,17
4,Perioral dermatitis,20
4,Acneiform eruptions,31
4,Inflammation of hair follicles,16
4,Gastro-esophageal reflux disease,27
4,Discoloration of skin,27
4,Reduce bronchial secretion,25
4,Excessive thirst,27
4,Conjunctival inflammation,21
4,Allergic conjunctivitis,31
4,Gastroenteritis,29
4,Increased libido,27
4,Rigors,25
4,Sticky stools,30
4,Blood in stool,29
4,Papillary conjunctivitis,19
4,Increased lacrimation,24
4,Burning of ear,31
4,Conjunctival irritation,19
4,Corneal inflammation,20
4,Elevated levels of serum amylase,28
4,Postoperative bleeding,17
4,Glaucoma,17
4,Numbness in mouth,20
4,Systemic hypertension (high blood pressure),29
4,Elevated creatinine kinase,32
4,Body ache,31
4,Respiratory tract inflammation,32
4,Febrile response,25
4,Fungal infections in the mouth,16
4,Swelling of legs,16
4,Contact dermatitis,18
4,Abnormal kidney function test,20
4,Gastrointestinal motility disorder,27
3,Increased gastric acid secretion,9
3,Suicidal behaviors,12
3,Acne-like rash,10
3,Muscle rigidity,7
3,Uterine tachysystole,6
3,Retching,10
3,Change in blood pressure,7
3,Increased alanine aminotransferase,8
3,Uterine hyperstimulation ,6
3,Tumor pain,7
3,Acute toxicity,7
3,Change in color of hair,7
3,Change in body weight,8
3,Scleral icterus,6
3,Allergic sensitization,8
3,Bone marrow suppression,7
3,Blindness,8
3,Involuntary muscle movement,9
3,Hemorrhagic complications,11
3,Injection site bruising,12
3,Ulcer,14
3,Rigidity,14
3,Gastrointestinal ulcer,8
3,Nerve pain,10
3,Exhaustion,9
3,Vaginal irritation,7
3,Flushing of face,6
3,Lipodystrophy (skin thickening or pits at the injection site),12
3,Corneal erosion,14
3,Conjunctival blanching,6
3,Hormone imbalance,6
3,Slow growth in children and teenagers,6
3,Reduced sweating,13
3,Heart attack,10
3,Cycloplegia (paralysis of the ciliary muscle of the eye),13
3,Hemiplegia (paralysis of one side of the body),10
3,Emotional lability,8
3,Increased red blood cells,7
3,Conjunctival hemorrhage,9
3,Tenderness,11
3,Altered menstrual cycle,8
3,Impaired wound healing,8
3,Lip swelling,8
3,Mixed hepatitis,11
3,Eyelid inflammation,7
3,Oral infections,7
3,Decrease in body weight,8
3,Palmar-plantar erythrodysesthesia syndrome,8
3,Decreased cardiac function,11
3,Ischemia,11
3,Second primary malignancies,10
3,Conjunctival sensitivity,13
3,Myocardial infarction,13
3,Subarachnoid hemorrhage,13
3,Parosmia (altered sense of smell),8
3,Local reaction,8
3,Psoriasis,12
3,Altered laboratory test values,8
3,Apnea (absence of breathing),7
3,Eczematoid dermatitis,12
3,Exudate,12
3,Vascular engorgement,12
3,Bacterial infection,11
3,Facial hair growth,7
3,CNS stimulation,6
3,Herpes virus infection,10
3,Hypertonia (increased muscle tone),9
3,Lacrimation (flow of tears),7
3,Cold sores,10
3,Shakiness,9
3,Cyanosis (bluish discoloration of the skin),6
3,Skin erosion,6
3,Skin eruptions,6
3,Decreased cholesterol level in blood,6
3,Decreased copper level,6
3,Preterm and low birth weight infants,13
3,Vasodilation,13
3,Increased phosphate level in blood,7
3,Paradoxical reactions,6
3,Infusion reaction,9
3,Increased production of urine,12
3,High grade fever,14
3,Gastrointestinal irritation,13
3,Abnormal skin pigmentation,8
3,Increased bronchial secretions,6
3,Reflex bradycardia,13
3,Excitation,13
3,Subdural hematoma,10
3,Parkinson-like symptoms,10
3,Gallstones,13
3,Eye discoloration,14
3,Intestinal ulcer,8
3,Punctate keratitis,7
3,Hypertensive crisis,13
3,Growth retardation,11
3,Superficial punctate keratitis,6
3,Easy bruise,6
2,Bronchoconstriction (constriction of air passages),5
2,Virilism,5
2,Postoperative muscle pain,3
2,Glucose in urine,3
2,Abnormal lipid profile,5
2,Fulminant hepatitis (viral infection of liver),3
2,Gum Irritation,5
2,Priapism,5
2,Precocious puberty,5
2,Paronychia,3
2,Irritable bladder,3
2,Cognitive disorder,3
2,Ketones in urine,3
2,Stomach pressure,3
2,Tightness sensation,3
2,Leukorrhea,3
2,Injection site soreness,5
2,Tooth discolouration,4
2,Cervical thickening,5
2,Fluid overload,4
2,Gastrointestinal toxicity,4
2,Chronic obstructive pulmonary disease (COPD),4
2,Urinary tract disorder,3
2,Diabetic retinopathy,3
2,Pain during sexual intercourse,3
2,Latent diabetes mellitus,3
2,Negative nitrogen balance,3
2,Breast atrophy,3
2,Changes in skin color,4
2,Corneal staining,4
2,Xerostomia,3
2,Cyanide poisoning,3
2,Tenesmus (increased urge to pass stools),3
2,Unpleasant breath odour,3
2,Flu,5
2,Pelvic discomfort,3
2,Extravasation,3
2,Stomach fullness,4
2,Abnormal blood cell count,4
2,Gastrointestinal perforation,3
2,Hypokalemic alkalosis,3
2,Steroid myopathy,3
2,Compression fracture,3
2,Necrosis of femoral and humeral heads,3
2,Acid regurgitation,3
2,Urolithiasis,3
2,Inflammation,4
2,Mental impairment,3
2,Induration (hardening of a normally soft tissue or organ),3
2,Skin flakes,3
2,Increased intracranial pressure,3
2,Cushingoid syndrome,3
2,Growth retardation in children,3
2,Carbohydrate intolerance,3
2,Peptic ulcer,3
2,Pharyngeal hypoesthesia,5
2,Feeling of cold,3
2,Oily skin,4
2,Generalized pain,5
2,Increased alertness,5
2,Constriction of pupil,4
2,Impaired judgment,5
2,Eye floaters,4
2,Oral hypoesthesia,5
2,Opportunistic infections,5
2,Acute myeloid leukemia (blood cancer),4
2,Myelodysplastic syndrome,4
2,Soft stools,3
2,Joint inflammation,5
2,Fracture,4
2,Aggravation of asthma,3
2,Airway inflammation,3
2,Decreased hemoglobin,3
2,Sodium retention,5
2,Soreness,3
2,Injection site stiffness,3
2,Inflammation of the rectum,5
2,Application site pain,3
2,Nephrotic syndrome,3
2,Phototoxicity,5
2,Worsening of a pre-existing breathing problem,3
2,Metabolic alkalosis,3
2,Increased aspartate aminotransferase,3
2,Salpingitis,4
2,Dry hair,4
2,Brain swelling,5
2,Coating on tongue,5
2,Ear nose and throat (ENT) infections,5
2,Skin swelling,5
2,Unusual crying,5
2,Altered liver function test,5
2,Kidney stone,4
2,Dry mucous membrane,4
2,Low urine output,3
2,Discoloration of stool,4
1,Generalized tonic-clonic seizure,2
1,Bone weakness,1
1,Infusion site vesicles,1
1,Vasculitis,1
1,Depigmentation of hair,1
1,Abnormal vaginal bleeding,1
1,Delusion,1
1,Enlarged spleen,1
1,Neuritis,1
1,Nephritis,1
1,Papular rash,1
1,Dysphoria (state of generalized dissatisfaction with life),1
1,Hypoesthesia (decreased sensitivity to stimuli),1
1,Eye swelling,1
1,Bilirubin in urine,2
1,Conjunctival disorder,1
1,Skin disorder,1
1,Injection site itching,1
1,Ectopic mineralization,1
1,Coma,1
1,Central nervous system depression,1
1,Genital edema,2
1,Decreased prothrombin level in blood,2
1,Application site itching,2
1,Salivary gland inflammation,1
1,Lupus erythematosus,1
1,Connective tissue disorders,1
1,Endotracheal tube blockade,1
1,Pulmonary hemorrhage,1
1,Salt and water retention,1
1,Increased iris pigmentation,2
1,Pleuritis (inflammation of the tissues that line the lungs and chest cavity),1
1,Increased hemoglobin,2
1,Paralysis,1
1,Joint stiffness,1
1,Increase haematocrit,2
1,Throat infection,1
1,Increased body temperature,2
1,Watery diarrhoea,1
1,Decreased pulmonary function,1
1,Decreased hematocrit level,1
1,Decreased protein levels in blood,1
1,Ischemic heart disease,2
1,Idiopathic thrombocytopenic purpura,1
1,Circulatory disorder,1
1,Respiratory arrest,1
1,Tongue pain,1
1,Shock,1
1,Pharyngeal pain,2
1,Cardiac arrest,1
1,Genital infection,2
1,Prolonged activated partial thromboplastin time (aPTT),1
1,Pharyngeal edema,2
1,Lymphocytopenia,1
1,Abnormal urination,2
1,Injection site induration (hardening of a normally soft tissue or organ),1
1,Generalized swelling,2
1,Liver toxicity,2
1,Change in blood test results,1
1,Laryngeal edema,1
1,Tissue necrosis,1
1,Tingling sensation,2
1,Muscle contraction,1
1,Ventricular arrhythmia,2
1,Pneumothorax,2
1,Brain hemorrhage,2
1,Chronic lung disease,2
1,Hypoxia (decreased oxygen level in blood),2
1,Hand-foot syndrome,2
1,Vulvovaginal disorders,1
1,Pain in vagina,1
1,Vaginal moniliasis,1
1,Skin and cutaneous disorders,1
1,Prolonged QT interval,2
1,Local soft tissue inflammation,1
1,Calcinosis cutis,1
1,Transient increase in white blood cell count (eosinophils),1
1,Calcification due to extravasation,1
1,Liver dysfunction,1
1,Blood disorder,1
1,Myositis,1
1,Rhabdomyolysis,1
1,Worsening of acne,1
1,Tongue irritation,1
1,Lactic acidosis,1
1,Fever due to low white blood cell count (neutrophils),2
1,Fungal infection of vagina,2
1,Skin staining,1
1,Hostility,2
1,Hyponatraemia,1
1,Fecal impaction (hardened stool that stays stuck in the rectum or lower colon),2
1,Increased gamma-glutamyltransferase,2
1,Burning sensation in mouth,1
1,Eye discharge,1
1,Liver disorder,2
1,Increased bleeding time,1
1,Hyperemia,1
1,Irritation around eyes,1
1,Breast engorgement,1
1,Angina pectoris,1
1,Argyria (skin turns blue or bluish-grey),1
1,Disorientation,2
1,Abnormal bruising,1
1,Hepatomegaly (enlarged liver),1
1,Bone marrow failure,1
1,High white blood cell count,1
1,Chest congestion,1
1,Lung disorder,1
1,Numb penis,1
1,Hypertrichosis lanuginosa,2
1,Burning sensation in throat,1
1,Decreased immunoglobulins in infants,2
1,Myasthenia gravis,1
1,Iron deficiency,1
1,Systemic lupus erythematosus,1
1,Increased androgen levels,2
1,Ring scotoma,2
1,Enlarged heart,2
1,Hypotonia (decreased muscle tone),2
1,Cardiac failure,2
1,Azotemia (increased nitrogen containing compounds level in blood),2
1,Shortness of breath,2
1,Neck swelling,1
1,Nephritic syndrome,2
1,Abnormal faces in children,2
1,Increased uric acid level in urine,1
